CREATE DATABASE  IF NOT EXISTS `avaliacao` /*!40100 DEFAULT CHARACTER SET utf8mb4 COLLATE utf8mb4_unicode_ci */ /*!80016 DEFAULT ENCRYPTION='N' */;
USE `avaliacao`;
-- MySQL dump 10.13  Distrib 8.0.20, for Win64 (x86_64)
--
-- Host: localhost    Database: avaliacao
-- ------------------------------------------------------
-- Server version	8.0.20

/*!40101 SET @OLD_CHARACTER_SET_CLIENT=@@CHARACTER_SET_CLIENT */;
/*!40101 SET @OLD_CHARACTER_SET_RESULTS=@@CHARACTER_SET_RESULTS */;
/*!40101 SET @OLD_COLLATION_CONNECTION=@@COLLATION_CONNECTION */;
/*!50503 SET NAMES utf8 */;
/*!40103 SET @OLD_TIME_ZONE=@@TIME_ZONE */;
/*!40103 SET TIME_ZONE='+00:00' */;
/*!40014 SET @OLD_UNIQUE_CHECKS=@@UNIQUE_CHECKS, UNIQUE_CHECKS=0 */;
/*!40014 SET @OLD_FOREIGN_KEY_CHECKS=@@FOREIGN_KEY_CHECKS, FOREIGN_KEY_CHECKS=0 */;
/*!40101 SET @OLD_SQL_MODE=@@SQL_MODE, SQL_MODE='NO_AUTO_VALUE_ON_ZERO' */;
/*!40111 SET @OLD_SQL_NOTES=@@SQL_NOTES, SQL_NOTES=0 */;

--
-- Table structure for table `categoria`
--

DROP TABLE IF EXISTS `categoria`;
/*!40101 SET @saved_cs_client     = @@character_set_client */;
/*!50503 SET character_set_client = utf8mb4 */;
CREATE TABLE `categoria` (
  `id` int NOT NULL AUTO_INCREMENT,
  `nome` varchar(80) COLLATE utf8mb4_unicode_ci DEFAULT NULL,
  `ativo` tinyint(1) DEFAULT NULL,
  PRIMARY KEY (`id`)
) ENGINE=InnoDB AUTO_INCREMENT=7 DEFAULT CHARSET=utf8mb4 COLLATE=utf8mb4_unicode_ci;
/*!40101 SET character_set_client = @saved_cs_client */;

--
-- Dumping data for table `categoria`
--

LOCK TABLES `categoria` WRITE;
/*!40000 ALTER TABLE `categoria` DISABLE KEYS */;
INSERT INTO `categoria` (`id`, `nome`, `ativo`) VALUES (1,'Politica',1),(2,'Moda',1),(4,'Esporte',1),(5,'Saúde ',1),(6,'Estilo de Vida',1);
/*!40000 ALTER TABLE `categoria` ENABLE KEYS */;
UNLOCK TABLES;

--
-- Table structure for table `comentario`
--

DROP TABLE IF EXISTS `comentario`;
/*!40101 SET @saved_cs_client     = @@character_set_client */;
/*!50503 SET character_set_client = utf8mb4 */;
CREATE TABLE `comentario` (
  `id` int NOT NULL AUTO_INCREMENT,
  `texto` text COLLATE utf8mb4_unicode_ci,
  `data_pub` datetime DEFAULT NULL,
  `conteudo_id` int DEFAULT NULL,
  `usuario_id` int DEFAULT NULL,
  PRIMARY KEY (`id`),
  KEY `conteudo_id` (`conteudo_id`),
  KEY `usuario_id` (`usuario_id`),
  CONSTRAINT `comentario_ibfk_1` FOREIGN KEY (`conteudo_id`) REFERENCES `conteudo` (`id`),
  CONSTRAINT `comentario_ibfk_2` FOREIGN KEY (`usuario_id`) REFERENCES `usuario` (`id`)
) ENGINE=InnoDB AUTO_INCREMENT=6 DEFAULT CHARSET=utf8mb4 COLLATE=utf8mb4_unicode_ci;
/*!40101 SET character_set_client = @saved_cs_client */;

--
-- Dumping data for table `comentario`
--

LOCK TABLES `comentario` WRITE;
/*!40000 ALTER TABLE `comentario` DISABLE KEYS */;
INSERT INTO `comentario` (`id`, `texto`, `data_pub`, `conteudo_id`, `usuario_id`) VALUES (1,'Wow, epic sausage bro.','2020-05-09 04:26:57',1,3),(2,'Testing some Comments, nothing to see here :)','2020-05-09 04:55:37',1,3),(3,'It sounds to me like your column isn\'t a date column but a text column (varchar/nvarchar etc). You should store it in the database as a date, not a string.\r\n\r\nIf you have to store it as a string for some reason, store it in a sortable format e.g. yyyy/MM/dd.\r\n\r\nAs najmeddine shows, you could convert the column on every access, but I would try very hard not to do that. It will make the database do a lot more work - it won\'t be able to keep appropriate indexes etc. Whenever possible, store the data in a type appropriate to the data itself.','2020-05-09 05:20:23',1,3),(4,'Lets check multi commenting.','2020-05-09 05:26:56',2,3),(5,'Lorem ipsum dolor sit amet, consectetur adipiscing elit. Quisque eget quam quis metus porta luctus. Fusce viverra rhoncus leo vel varius. Nam lacinia arcu non elit volutpat, non porttitor mauris interdum. Praesent consectetur sem eget ipsum bibendum, at fringilla justo egestas. Maecenas volutpat odio eros, ac convallis odio porta ut. Nullam egestas libero ac arcu fermentum, nec volutpat diam placerat. Morbi molestie velit at accumsan maximus. Proin gravida nisl in mauris ultricies pellentesque.','2020-05-09 19:58:19',2,5);
/*!40000 ALTER TABLE `comentario` ENABLE KEYS */;
UNLOCK TABLES;

--
-- Table structure for table `conteudo`
--

DROP TABLE IF EXISTS `conteudo`;
/*!40101 SET @saved_cs_client     = @@character_set_client */;
/*!50503 SET character_set_client = utf8mb4 */;
CREATE TABLE `conteudo` (
  `id` int NOT NULL AUTO_INCREMENT,
  `titulo` varchar(100) COLLATE utf8mb4_unicode_ci DEFAULT NULL,
  `data_pub` datetime DEFAULT NULL,
  `texto` text COLLATE utf8mb4_unicode_ci,
  `ativo` tinyint(1) DEFAULT NULL,
  `categoria_id` int DEFAULT NULL,
  `usuario_id` int DEFAULT NULL,
  PRIMARY KEY (`id`),
  KEY `categoria_id` (`categoria_id`),
  KEY `usuario_id` (`usuario_id`),
  CONSTRAINT `conteudo_ibfk_1` FOREIGN KEY (`categoria_id`) REFERENCES `categoria` (`id`),
  CONSTRAINT `conteudo_ibfk_2` FOREIGN KEY (`usuario_id`) REFERENCES `usuario` (`id`)
) ENGINE=InnoDB AUTO_INCREMENT=10 DEFAULT CHARSET=utf8mb4 COLLATE=utf8mb4_unicode_ci;
/*!40101 SET character_set_client = @saved_cs_client */;

--
-- Dumping data for table `conteudo`
--

LOCK TABLES `conteudo` WRITE;
/*!40000 ALTER TABLE `conteudo` DISABLE KEYS */;
INSERT INTO `conteudo` (`id`, `titulo`, `data_pub`, `texto`, `ativo`, `categoria_id`, `usuario_id`) VALUES (1,'Artigo Teste','2020-05-08 00:00:00','Lorem ipsum dolor sit amet, consectetur adipiscing elit. Ut consectetur egestas tincidunt. Nullam ut elit non velit pharetra elementum. Nullam condimentum lobortis tortor ac ultrices. Quisque turpis diam, mattis mollis dictum nec, auctor eget mi. Aliquam erat volutpat. Suspendisse ornare in augue in fringilla. Proin pretium, mauris vel scelerisque imperdiet, massa augue malesuada quam, ac ultricies lectus ante quis odio.\r\n\r\nSed iaculis non odio posuere mollis. Aliquam erat volutpat. Nam arcu odio, consequat sodales tincidunt luctus, rhoncus et sem. Morbi at aliquam nisi. Fusce pulvinar id tellus in malesuada. Aliquam tempus sagittis dictum. Proin suscipit ex sed mi semper congue. Duis elementum tempor placerat.\r\n\r\nAliquam nec tortor euismod, euismod magna ac, pharetra felis. Integer blandit elit porttitor hendrerit semper. Ut sodales turpis a urna scelerisque vehicula. Integer a laoreet magna, vitae accumsan purus. Aenean sollicitudin felis non ultrices malesuada. Pellentesque aliquam hendrerit metus non facilisis. Sed id lectus in felis fringilla placerat et consectetur nisi. Ut rhoncus eget metus iaculis suscipit. Nulla eu varius magna, at semper nisi. Integer eget est sed lectus laoreet consequat. Vivamus sodales consequat purus, vitae euismod libero molestie ac. Quisque mattis leo est, ut fermentum ipsum congue non.\r\n\r\nMorbi varius nulla sit amet lacinia consequat. Aliquam porta ipsum non turpis malesuada, eget bibendum massa ultrices. Nam semper pellentesque sapien, sit amet tristique orci sollicitudin ac. Integer fermentum interdum leo, non placerat est posuere eget. Aliquam bibendum imperdiet dui, sit amet commodo lectus cursus quis. Duis sit amet ligula sed eros egestas dictum eget nec metus. Quisque vel metus ullamcorper, porta lectus ut, malesuada eros. Curabitur non metus quam. Curabitur eros dolor, accumsan quis blandit non, interdum nec ipsum.\r\n\r\nAenean at tortor metus. Donec in ipsum sed ligula pellentesque feugiat. Curabitur eu justo tristique, ultrices elit nec, pharetra nibh. Morbi non imperdiet lorem. Vivamus egestas rhoncus ligula et luctus. Vestibulum commodo mollis urna. Etiam in justo id dolor tempor blandit. Cras posuere sed tellus vitae ullamcorper.',1,5,3),(2,'Artigo Teste 2 ','2020-05-08 00:00:00','Lorem ipsum dolor sit amet, consectetur adipiscing elit. Quisque eget quam quis metus porta luctus. Fusce viverra rhoncus leo vel varius. Nam lacinia arcu non elit volutpat, non porttitor mauris interdum. Praesent consectetur sem eget ipsum bibendum, at fringilla justo egestas. Maecenas volutpat odio eros, ac convallis odio porta ut. Nullam egestas libero ac arcu fermentum, nec volutpat diam placerat. Morbi molestie velit at accumsan maximus. Proin gravida nisl in mauris ultricies pellentesque.\r\n\r\nDonec risus ligula, venenatis id odio eget, euismod sodales odio. Morbi ex velit, vestibulum et turpis eu, imperdiet blandit ex. Nullam condimentum sapien non libero faucibus sagittis. Vivamus ac leo quis odio mollis venenatis. Maecenas ultricies est a risus scelerisque, nec malesuada ligula viverra. Nunc finibus, purus non rhoncus interdum, quam nulla ultrices nulla, vitae gravida elit tortor vitae dui. Nunc porttitor in magna vitae rhoncus. Aliquam ligula odio, tincidunt non tempor ut, lobortis vel felis. Etiam sed mi ut massa aliquet aliquam vestibulum vitae enim. Aliquam vehicula a ipsum et fermentum.\r\n\r\nPellentesque quam neque, sagittis id feugiat at, semper nec magna. Nullam scelerisque mauris id nisl scelerisque, non dapibus risus consectetur. Phasellus vitae eleifend odio. Quisque convallis enim eget augue maximus, a ultrices orci tristique. Nunc nec libero dui. Vestibulum ante ipsum primis in faucibus orci luctus et ultrices posuere cubilia curae; Morbi quis sagittis metus. Vestibulum luctus libero ex, in sagittis libero semper nec. In eu urna et magna pretium sollicitudin.\r\n\r\nAenean fringilla elit risus, nec luctus augue vestibulum a. Donec faucibus arcu tellus, vel varius tortor facilisis at. Pellentesque lacinia tincidunt massa, sed cursus elit. Ut nec gravida diam. Maecenas eget nisl luctus, commodo erat et, tincidunt orci. Aenean ut orci ac sem porta efficitur. Nulla molestie, neque a placerat fermentum, elit elit congue tortor, sit amet molestie justo lectus et urna. Duis vestibulum interdum leo in auctor. Quisque consequat pellentesque semper. Praesent aliquam cursus odio eu feugiat. Nam eu metus in magna lobortis pulvinar. Fusce maximus ac nisi non lobortis. Vestibulum tincidunt eros at nisi lacinia, vitae ultrices magna finibus. Curabitur lectus ex, tempor vitae malesuada et, luctus a justo. Sed non nunc id mauris vehicula condimentum. Proin scelerisque pretium lacus, nec iaculis neque elementum quis.\r\n\r\nIn hac habitasse platea dictumst. Fusce ornare velit ut quam elementum tincidunt. Sed vitae ex fringilla, euismod lacus ac, luctus velit. Cras dignissim orci lectus, sit amet ultricies sem tristique in. Praesent a vehicula urna, porta venenatis ligula. Curabitur rutrum est in enim ultrices auctor. Etiam euismod ligula tellus, ac convallis elit fringilla sed. In cursus libero in lectus pellentesque, ut pharetra urna convallis. Sed non dui lacus. Donec maximus erat at sem aliquet tristique. Fusce at eleifend eros. Phasellus felis neque, vestibulum ac eros vel, posuere interdum nunc. Suspendisse ligula turpis, fermentum sed nulla non, condimentum porttitor nulla. Cras gravida orci vel hendrerit posuere. Curabitur non tortor felis.\r\n\r\nMaecenas eleifend lacus neque, a tempus sapien placerat ac. Sed non enim nunc. Vestibulum elementum ex metus, a iaculis nibh posuere dapibus. Curabitur auctor faucibus tellus in interdum. Nam eget tempor nisi, consectetur dictum sem. Nullam hendrerit dui non blandit viverra. Etiam et dolor dolor.\r\n\r\nEtiam vitae lorem at lacus sagittis bibendum non et urna. Praesent dignissim arcu in enim volutpat, ac suscipit quam tristique. Nam lobortis diam ut placerat gravida. Pellentesque finibus velit quam, quis pulvinar augue interdum at. Ut nec felis eros. Vivamus quis ullamcorper nisi. Sed id elementum elit. Donec sed felis vel tortor eleifend consequat sit amet sit amet leo. Sed vitae luctus magna. Aliquam pretium, nisl id imperdiet porttitor, lacus lorem aliquet erat, ut venenatis mauris neque vel eros.',1,4,3),(3,'Artigo Teste 3','2020-05-09 00:00:00','Lorem ipsum dolor sit amet, consectetur adipiscing elit. Ut faucibus auctor euismod. Donec quis velit scelerisque, ultricies quam quis, porta ligula. Mauris ut rutrum lectus. Sed lorem turpis, maximus a tempor nec, consequat vel enim. Cras condimentum pulvinar lorem eu pharetra. Ut commodo tellus metus, id accumsan enim lobortis at. Donec commodo nisi sed massa fringilla interdum. Integer at felis nibh. Fusce congue porttitor velit, vitae euismod nisl feugiat sit amet. Pellentesque quis ornare augue. Maecenas vitae varius quam, nec dictum metus. Sed in dolor ultricies, luctus ex et, eleifend dolor. In hac habitasse platea dictumst. Vivamus dictum, felis a cursus egestas, ex tellus facilisis lacus, nec tempus massa erat nec nisi.\r\n\r\nPraesent magna nisi, vehicula non nisl vitae, interdum fringilla dolor. Praesent nec arcu a orci hendrerit accumsan. Mauris iaculis risus ut mattis pellentesque. Praesent iaculis quam ac ex volutpat vehicula. Cras porta tincidunt diam, at facilisis nisi dictum ac. Suspendisse rhoncus felis non tincidunt semper. In hac habitasse platea dictumst. Vestibulum ante ipsum primis in faucibus orci luctus et ultrices posuere cubilia curae; Nunc porttitor quam cursus est tempus, ut blandit lacus molestie. Praesent consequat, nulla vel eleifend ultrices, lorem velit eleifend risus, quis porttitor purus turpis quis felis. Interdum et malesuada fames ac ante ipsum primis in faucibus. Integer tristique nec nulla hendrerit suscipit. Vivamus suscipit nec risus eu fermentum.\r\n\r\nEtiam ut lectus vitae mauris fermentum eleifend vitae non erat. Vestibulum volutpat dapibus elit id dignissim. Fusce suscipit urna mi, egestas iaculis sapien varius et. Mauris et mattis mi. Vivamus dui quam, placerat id ullamcorper aliquam, vestibulum vitae eros. Sed eget lectus et enim commodo volutpat vitae id dui. Ut eget interdum sem. Praesent eleifend sed enim cursus ornare. In ut rutrum urna, vel condimentum erat. Integer massa sapien, pellentesque quis lacinia a, ultricies vitae ex. Sed eu mauris tellus. Vestibulum ante ipsum primis in faucibus orci luctus et ultrices posuere cubilia curae;\r\n\r\nCurabitur eros velit, pretium quis elit vel, malesuada dapibus nisl. Sed eu pharetra massa. Nullam vehicula est sit amet ante faucibus, nec iaculis libero efficitur. Suspendisse ultrices interdum lacus, luctus ultricies risus ultrices elementum. Donec eu sem augue. Suspendisse congue blandit velit, vitae porta ex faucibus vulputate. Suspendisse efficitur id metus quis consequat.\r\n\r\nMorbi tempus vestibulum sollicitudin. Morbi aliquam enim in porttitor rutrum. Orci varius natoque penatibus et magnis dis parturient montes, nascetur ridiculus mus. Sed viverra, erat sit amet fringilla semper, metus quam pellentesque diam, nec efficitur libero velit in neque. Sed non magna augue. Vivamus varius scelerisque neque dictum lacinia. Nullam semper ornare elit, eu commodo leo tempus at. Nulla a pretium neque. Quisque porttitor non elit et dapibus. Pellentesque augue diam, interdum non tortor quis, tempus pharetra nunc. Fusce a turpis tincidunt, laoreet quam et, consectetur nunc.\r\n\r\nVestibulum quis ligula a felis ornare efficitur at non diam. Duis porta dapibus tellus. Lorem ipsum dolor sit amet, consectetur adipiscing elit. Duis vestibulum id arcu ac fringilla. Nam at fermentum turpis. Phasellus elementum venenatis diam, in mollis ex hendrerit sit amet. Sed ornare posuere ipsum, id euismod diam posuere at. Proin ac pellentesque mauris, a pretium libero.\r\n\r\nMorbi sed nisi dapibus, aliquam quam in, tempor ligula. In hac habitasse platea dictumst. Curabitur cursus scelerisque arcu sed lacinia. Sed at augue tincidunt, pulvinar sapien non, pellentesque diam. Duis sed enim quis ante feugiat dignissim eget ac nibh. Phasellus vehicula consectetur nisi ut mollis. Nam scelerisque, mi nec viverra bibendum, sem nisi imperdiet augue, in consequat turpis ante in quam.\r\n\r\nInterdum et malesuada fames ac ante ipsum primis in faucibus. Maecenas venenatis volutpat magna, sed tempor quam. Nullam varius odio est, semper ullamcorper erat ullamcorper a. Aenean nec urna sit amet sapien semper viverra id a nunc. In ut neque ut ligula sollicitudin efficitur vitae finibus erat. Quisque elementum vulputate turpis, non viverra est lacinia sed. Sed eu arcu sit amet nibh varius commodo. Morbi venenatis dignissim ipsum, at dictum nibh porttitor non. Integer euismod vulputate ipsum, in placerat quam consequat quis. Fusce faucibus rhoncus ipsum nec feugiat. Mauris non accumsan est. Curabitur lobortis interdum nulla, ornare semper massa aliquet et. Nunc lacus justo, pharetra at vulputate a, imperdiet sollicitudin purus. Cras hendrerit, dolor ut lobortis tincidunt, quam sapien rutrum lorem, ac sollicitudin nisl lectus sollicitudin augue.\r\n\r\nNulla aliquam efficitur est. Curabitur a elementum ligula, posuere egestas massa. Nunc a fermentum enim. Donec ut velit vitae mauris varius tincidunt. Nulla tincidunt orci libero, at convallis nunc malesuada eget. Fusce interdum enim quis nisl vestibulum, id suscipit leo sagittis. Nam bibendum semper libero vitae accumsan. Suspendisse dapibus dapibus pretium.\r\n\r\nNam eu nunc in turpis vestibulum tempus vel vitae augue. Maecenas venenatis enim at sem vehicula iaculis. Suspendisse in ante volutpat, iaculis ligula vitae, varius magna. Duis dapibus nisl quis arcu condimentum, et sodales nibh faucibus. Ut sit amet nibh eget mi accumsan scelerisque id sit amet lorem. Etiam efficitur, orci ut tempus pellentesque, lacus erat sollicitudin nibh, rhoncus feugiat enim elit eget nulla. Suspendisse potenti. Nulla facilisi. Mauris vitae maximus tellus. Aliquam ut ligula non purus placerat vulputate a non turpis. Etiam et libero eget neque feugiat rhoncus.\r\n\r\nIn elementum velit id sem ornare consequat. Duis cursus lectus eu ex porta euismod. Aliquam sodales tincidunt urna condimentum accumsan. Vivamus finibus vitae nulla sed auctor. Aenean fringilla bibendum efficitur. Donec maximus ipsum a tellus mollis, at fermentum leo suscipit. Donec tempor eros quis velit rhoncus, quis sodales massa rhoncus. Pellentesque id nunc odio. Curabitur bibendum dui et nibh ornare commodo. Nullam sed arcu lectus. Donec placerat pretium lacus, id interdum nisl commodo nec. Aliquam tortor nisi, lacinia at sapien laoreet, pharetra tristique turpis. Aenean felis sapien, gravida id odio vel, commodo volutpat eros. Quisque consequat quam erat, quis pretium libero convallis a. Etiam malesuada lacus eros, in tempus lectus auctor sit amet.\r\n\r\nSuspendisse vel porta libero. Sed nec ante dui. Orci varius natoque penatibus et magnis dis parturient montes, nascetur ridiculus mus. Integer sed tincidunt turpis. Nunc fringilla mi nec malesuada bibendum. Donec semper dictum massa vitae rhoncus. Nunc semper metus ac porttitor sollicitudin. Suspendisse potenti. Vestibulum luctus metus et elementum sagittis.',1,4,3),(4,'Artigo Teste 4','2020-05-09 00:00:00','Lorem ipsum dolor sit amet, consectetur adipiscing elit. Duis a diam hendrerit, mattis lacus eget, blandit tortor. Nulla bibendum commodo nisi vel cursus. Integer sodales suscipit arcu. Etiam efficitur, lorem vitae varius fermentum, purus urna consectetur risus, at aliquet ligula turpis consectetur leo. Praesent efficitur leo non dignissim venenatis. Praesent vitae est mollis, tristique lorem ultrices, commodo tortor. Praesent fringilla accumsan mauris vitae euismod.\r\n\r\nMorbi vel quam dolor. Duis sit amet rutrum lorem. Pellentesque sed porta mi, ut feugiat velit. Donec urna nulla, ullamcorper quis fringilla eget, elementum a quam. Aliquam auctor sodales mauris vel rutrum. Sed ut erat vel velit aliquet tempus eget at enim. Maecenas nec tempor nulla. Nullam justo purus, fringilla gravida posuere vitae, molestie vitae velit. Nullam dictum, nulla volutpat tincidunt porta, enim erat sollicitudin purus, vitae luctus risus mauris eu diam. Nunc dignissim turpis ut augue tempor, quis ornare mauris tempor. Nulla facilisi. Suspendisse luctus nibh eros, et vulputate arcu tempus vel.\r\n\r\nNulla facilisi. Morbi venenatis et purus ac laoreet. Maecenas convallis, nibh in feugiat congue, velit risus commodo risus, vel feugiat odio ante et dolor. Sed augue sem, dignissim sit amet aliquet et, placerat sit amet elit. Nunc efficitur molestie ante, vitae tristique elit rutrum ut. In risus tellus, porta quis arcu vel, imperdiet interdum velit. Etiam elementum velit odio, eu rhoncus leo convallis ac. Aliquam at felis nibh. Integer viverra volutpat lorem quis pellentesque. Nullam blandit elit mauris, sed euismod arcu tempus vitae. Quisque ornare iaculis felis at malesuada. Vestibulum luctus dolor ut tellus convallis, vel tristique mi rutrum.',1,1,3),(5,'Artigo Teste 5','2020-05-09 00:00:00','Lorem ipsum dolor sit amet, consectetur adipiscing elit. Duis ac iaculis erat. Donec in orci et ex pellentesque blandit. Mauris in dolor eget ligula convallis gravida. Vivamus in dolor enim. In tempus enim vel ex ullamcorper fringilla. Nam mattis, purus non aliquet semper, lorem arcu maximus orci, aliquet malesuada nunc metus quis neque. Curabitur mauris arcu, porta eu sodales non, luctus sit amet arcu. Ut facilisis mauris ipsum, vitae molestie est luctus at. Phasellus nec eleifend odio. Aliquam et nunc tempus sem blandit luctus eget vitae elit. Phasellus tincidunt velit non leo maximus efficitur. Etiam varius ligula est, pharetra pellentesque nibh ornare non. Etiam eu quam et tortor vehicula scelerisque id id tortor. Fusce vestibulum ligula ligula, id accumsan odio blandit quis. Fusce bibendum orci tortor, vel gravida felis tincidunt in. Integer accumsan enim sem, et iaculis nulla tempus eget.\r\n\r\nSuspendisse ultricies, ligula eget iaculis sollicitudin, ex sem egestas est, in luctus augue risus eget magna. Nunc tincidunt est ut neque viverra, ac accumsan massa mattis. Maecenas non leo id velit tincidunt dapibus. Duis elementum hendrerit tincidunt. Sed eget tortor ligula. Aenean imperdiet posuere dolor in rutrum. Donec pulvinar urna quis ornare vulputate. Fusce semper blandit venenatis. Vestibulum ante ipsum primis in faucibus orci luctus et ultrices posuere cubilia curae;\r\n\r\nSed nisi orci, ultrices eu sem sit amet, consectetur pharetra augue. Integer at tristique felis, eget ultrices mauris. Quisque aliquam dui dolor, sit amet congue ligula aliquet sit amet. Pellentesque blandit eget turpis ut eleifend. Proin at ultricies augue. Suspendisse et maximus libero. Proin ex ante, blandit placerat congue ut, porttitor vitae nibh. Mauris euismod euismod semper. Fusce blandit arcu at iaculis fermentum. Nunc id augue nunc. Maecenas sodales sem in ligula faucibus efficitur euismod vitae urna. Nunc facilisis lobortis ipsum, eu tristique diam fermentum non. Donec eget nisl non urna faucibus vehicula. Pellentesque ultrices est viverra, sollicitudin arcu eget, sollicitudin nibh. Sed lorem leo, dictum scelerisque lectus quis, tincidunt ullamcorper odio.\r\n\r\nCras mauris urna, rutrum quis ligula eget, maximus pharetra turpis. Etiam ut pharetra lacus. Vestibulum at porta nibh. Ut tincidunt malesuada augue. Donec sagittis varius urna sed ullamcorper. Aenean viverra posuere ante vitae placerat. Vestibulum ante ipsum primis in faucibus orci luctus et ultrices posuere cubilia curae;\r\n\r\nAenean congue sit amet orci id sollicitudin. Aliquam dictum libero sit amet ullamcorper lacinia. In hac habitasse platea dictumst. Nulla malesuada vestibulum lorem vitae pulvinar. Fusce convallis, sem vitae commodo posuere, mi velit tincidunt augue, tempor aliquam lacus nisi sed nunc. Nulla ac nisl id tellus suscipit condimentum quis et velit. Aliquam a elementum mauris. Sed ultrices metus et dignissim ultrices. Mauris at nisi at magna laoreet placerat. Nulla euismod augue rhoncus, vestibulum nulla et, fermentum nisl. Suspendisse id auctor nulla.\r\n\r\nInteger et euismod arcu, eu porta magna. Curabitur laoreet enim massa. Duis at pellentesque erat, sed scelerisque lectus. Cras sodales purus ac eros congue, vel commodo purus pharetra. Integer at lorem vehicula ipsum sodales viverra. Maecenas convallis purus nec consectetur venenatis. In tincidunt tellus vitae ante convallis suscipit.\r\n\r\nPellentesque blandit mi eu arcu sollicitudin, ut dapibus ipsum accumsan. Vivamus at ultrices erat. Praesent luctus nisl in ullamcorper gravida. Mauris rutrum nibh libero. Nam sed ex et ligula pharetra rhoncus. Nunc commodo lobortis tellus, ac commodo libero aliquam id. Nunc venenatis auctor erat. Nullam vitae rutrum neque. Suspendisse potenti.',1,5,3),(6,'Artigo Teste 6','2020-05-09 00:00:00','Donec sit amet lacus auctor mauris rhoncus bibendum vulputate eget nunc. Donec facilisis dolor sit amet viverra dictum. Nulla vitae rhoncus tellus. Pellentesque at dolor quis mi tincidunt fermentum. Donec ipsum tellus, dictum efficitur efficitur vel, molestie nec metus. Donec in turpis vitae sapien faucibus ultrices. Aliquam nulla lorem, commodo nec nisl sit amet, auctor lobortis mi. Donec vel mi sit amet lacus efficitur efficitur. Maecenas luctus est et tellus egestas, sit amet pulvinar ipsum euismod. Sed sapien lorem, aliquet sed arcu et, sagittis sodales lacus. In hac habitasse platea dictumst. Vestibulum a mauris sed ligula mattis porttitor.\r\n\r\nIn id nisi tincidunt, maximus diam nec, faucibus eros. Proin at erat rhoncus est consectetur tristique. Morbi et diam sed tortor posuere dignissim. Vivamus pellentesque sollicitudin nisi sit amet malesuada. Praesent quis cursus enim, sed hendrerit massa. Maecenas vitae auctor tellus. Donec in malesuada velit. Class aptent taciti sociosqu ad litora torquent per conubia nostra, per inceptos himenaeos.\r\n\r\nProin metus eros, cursus et luctus et, laoreet vitae tortor. Donec rhoncus dolor posuere, tristique velit vel, aliquet magna. Suspendisse euismod in libero non suscipit. Praesent bibendum egestas dolor vel bibendum. Curabitur dapibus, ex id bibendum lacinia, turpis nulla eleifend mi, nec finibus sem ex vel eros. Aliquam at fringilla est. Morbi euismod massa neque. Quisque sit amet erat quis ipsum rutrum dignissim vitae et odio. Vivamus id lacinia mi, et aliquam turpis. Nam eget hendrerit sem, eget iaculis magna.\r\n\r\nDonec rutrum vestibulum nulla, malesuada venenatis velit lobortis a. Cras nec nisi purus. Sed nec ante tellus. Morbi eu elit nec ligula luctus bibendum posuere id justo. Maecenas quis velit in tortor convallis facilisis ac id ex. Ut nibh lectus, consectetur id rhoncus at, pulvinar eu ex. Etiam suscipit, elit sed molestie congue, nunc libero blandit odio, a tincidunt elit quam id neque.\r\n\r\nPhasellus leo nisl, consequat eget cursus at, finibus non libero. Nullam dolor nunc, mattis ut quam id, venenatis pulvinar dui. Fusce velit lectus, commodo et lacus eget, maximus tristique nisi. Sed tincidunt molestie ligula eget consequat. Proin tincidunt sit amet lectus eu tincidunt. Aliquam erat volutpat. Suspendisse fringilla, nunc sit amet feugiat condimentum, ante quam gravida erat, ac varius lacus turpis quis sem. Class aptent taciti sociosqu ad litora torquent per conubia nostra, per inceptos himenaeos. Suspendisse vel risus et justo efficitur condimentum. Lorem ipsum dolor sit amet, consectetur adipiscing elit. Phasellus ornare ante elit, vel condimentum turpis auctor et. Phasellus quis efficitur ex, nec convallis quam. Sed ac nisl rhoncus, vestibulum dui quis, pharetra nunc.\r\n\r\nPellentesque quis risus turpis. Praesent pellentesque ac dui non suscipit. Fusce vel mauris id lorem dictum condimentum. Cras molestie et mi sit amet efficitur. Morbi id mollis justo. Nullam sagittis lacus metus. Quisque a orci vitae lectus egestas sollicitudin. Quisque at elit ut risus laoreet tristique venenatis ut lorem.\r\n\r\nCras nec erat tempor, tristique tortor nec, semper arcu. Morbi luctus interdum ex. Curabitur porttitor porttitor tortor, id mattis lorem dignissim ac. Proin et arcu sed mauris consequat vestibulum vitae ut quam. Proin vel interdum turpis. Sed sed maximus tortor. Nunc porta ligula at luctus varius. Sed lorem nisl, semper vitae ultricies id, fermentum vitae dui. Aenean sed nulla auctor, egestas ex quis, efficitur purus. In congue fringilla magna, a dictum dolor dapibus eget. Aliquam erat volutpat. Nulla faucibus arcu at lacus egestas viverra. Sed lacinia lectus ac feugiat lobortis.\r\n\r\nSed vitae est ut libero vulputate auctor. Etiam quis vestibulum augue. Nulla non est quis sem consectetur lacinia. Proin vulputate consectetur purus nec ullamcorper. Aliquam at vulputate lacus. Nullam placerat porttitor sodales. Etiam accumsan vel nisl nec pharetra. In in tristique tellus. Vivamus tincidunt erat finibus odio dapibus mattis. Sed at urna eleifend, vulputate enim at, laoreet turpis. Sed ut auctor purus, in tristique est. Cras gravida facilisis lectus, eget ornare sem accumsan ac. Sed eu ex vitae ex vehicula iaculis eu at neque. Sed suscipit porta sem in finibus.\r\n\r\nSuspendisse ut viverra nulla. Pellentesque vestibulum fringilla lobortis. Pellentesque malesuada arcu vel varius semper. Nam feugiat diam arcu. Mauris tristique purus vel condimentum efficitur. Nulla sed pulvinar est. Cras interdum malesuada ipsum, vitae faucibus enim sagittis id. Quisque porta non felis et vulputate. Cras ultrices rutrum sodales.',1,1,3),(7,'Artigo Teste 45','2020-05-09 00:00:00','Suspendisse potenti. Morbi mollis dui elit, ac hendrerit lacus dictum in. Donec egestas pulvinar arcu vitae dignissim. Ut nec turpis dui. Integer tincidunt in ante quis gravida. Morbi luctus sem leo, eu aliquet lacus congue nec. Nam tempus nisl a nisl mattis molestie. Ut rutrum ante vel neque efficitur lobortis. Phasellus accumsan ligula non felis dictum, eget consectetur ante tristique. Proin eu elit vitae ligula dapibus dapibus in eget orci. Phasellus in malesuada risus, et dignissim felis. Phasellus sed neque id nibh posuere convallis. Proin efficitur laoreet fringilla. Fusce sit amet sem tortor.\r\n\r\nPhasellus tempor tempor dolor, non malesuada massa imperdiet vel. Etiam vel aliquam est, et tincidunt sapien. In tincidunt nibh quis est malesuada aliquet. Lorem ipsum dolor sit amet, consectetur adipiscing elit. Sed pulvinar justo eget vulputate pretium. Sed luctus ipsum ac lorem pretium, eu semper orci scelerisque. Maecenas vestibulum porttitor sem at pellentesque. Suspendisse vel pellentesque metus, ac feugiat lacus. In in euismod eros. Etiam ipsum eros, auctor ac lorem in, tempor porta ipsum. Duis consequat vitae neque quis consequat. Suspendisse vestibulum dui a libero imperdiet, id venenatis mauris mollis. Phasellus id fermentum elit. Nullam hendrerit accumsan elit. Nulla semper sodales convallis.\r\n\r\nProin at nibh nec mauris finibus dictum. Maecenas tortor magna, condimentum in vehicula vitae, commodo quis justo. Maecenas rutrum diam a velit porta, nec faucibus purus varius. Nam mollis quam risus, a interdum ligula volutpat in. Suspendisse nibh elit, faucibus eu ligula eget, fringilla semper sem. Phasellus semper augue sed ligula porta posuere. Vestibulum ante ipsum primis in faucibus orci luctus et ultrices posuere cubilia curae; Suspendisse auctor quam at purus aliquam aliquet.\r\n\r\nVestibulum rutrum viverra enim at scelerisque. Donec feugiat est eu eros dapibus fringilla. Donec a velit ac magna tincidunt scelerisque. Donec molestie mi non tincidunt pulvinar. Maecenas ipsum erat, dignissim non suscipit malesuada, lobortis ut lacus. Nam vehicula leo non arcu pretium elementum. Suspendisse dapibus purus mauris, sit amet elementum mauris pellentesque ac. Phasellus nibh nunc, elementum sed ante eu, eleifend lobortis dolor. Nunc quis posuere ipsum. Vestibulum fermentum nunc libero, ac vulputate quam elementum quis.\r\n\r\nFusce sit amet viverra purus. Maecenas viverra consequat bibendum. Sed quis libero dignissim mauris luctus commodo quis in arcu. Sed tristique leo vitae massa cursus egestas. Fusce consectetur non erat sit amet porta. Praesent vulputate nisl dignissim pellentesque sodales. Maecenas molestie risus magna, eu volutpat sem pulvinar elementum. Phasellus vel condimentum eros, in sagittis purus.\r\n\r\nSed nisi augue, viverra sed diam nec, placerat luctus metus. Phasellus ullamcorper nunc sed nulla consectetur, cursus varius tortor hendrerit. Donec consequat elit et eros iaculis, eget interdum neque placerat. Sed mauris ipsum, sodales et luctus non, laoreet sodales purus. Ut sodales tortor nulla, ut laoreet magna pretium sed. Nullam gravida eros nec purus euismod, vitae commodo augue tincidunt. Suspendisse sagittis pulvinar nunc, at cursus magna suscipit non. Pellentesque at nibh libero. Maecenas mollis fringilla enim, ut convallis arcu vulputate sed. Donec tristique tortor non ipsum faucibus, a rutrum ipsum ultrices. Nam tincidunt enim vel sem suscipit, sed ultricies magna semper. Etiam faucibus urna nec eros fermentum consequat. Proin semper, lectus ac vulputate pretium, turpis sem porttitor urna, non faucibus quam felis sed lectus.\r\n\r\nEtiam convallis a nisi quis egestas. Donec vitae efficitur nisi. Quisque urna tellus, auctor eget lorem at, imperdiet dictum purus. Mauris ac justo nulla. Cras eu sagittis turpis. Aenean at lacus non nulla cursus feugiat. Phasellus at eros quis felis blandit aliquet. Nam non dignissim sapien, eget pellentesque nulla. Vestibulum ante ipsum primis in faucibus orci luctus et ultrices posuere cubilia curae; Ut placerat, orci in fringilla vulputate, mi erat cursus lorem, vitae pellentesque elit risus eu lectus. Aenean in tellus semper, porttitor neque ac, bibendum turpis. Interdum et malesuada fames ac ante ipsum primis in faucibus. Interdum et malesuada fames ac ante ipsum primis in faucibus. Ut efficitur tellus quis dictum rutrum. Nullam sodales cursus lacus, ut ultricies sapien bibendum non.\r\n\r\nNam tempor lacus sed metus sodales, eget finibus eros tempor. Mauris sed mauris molestie, lacinia nisi quis, tempus nibh. Nunc at dui in lacus fermentum cursus. Vestibulum tristique vitae nisi sed porta. Sed faucibus magna urna, at commodo ante fermentum at. Pellentesque dignissim lacus posuere augue accumsan, venenatis vestibulum turpis condimentum. Nam eget iaculis nibh. Sed facilisis, risus ac facilisis hendrerit, orci lorem accumsan urna, ac lobortis nisl lectus in arcu. Nam quis quam neque. Aliquam dapibus sem aliquet nulla laoreet congue. Etiam non tincidunt lorem. Suspendisse potenti.\r\n\r\nMauris fringilla convallis ipsum. Suspendisse in vehicula urna. Nullam pulvinar, dui auctor varius tristique, nunc odio finibus tortor, vitae vulputate mi neque vel nibh. Nullam sed auctor felis, eget fermentum orci. Ut pellentesque enim sed ante efficitur, et varius tellus commodo. Pellentesque luctus purus vitae nunc ultricies, quis varius justo faucibus. In hac habitasse platea dictumst.',1,5,3),(8,'Artigo Teste 12','2020-05-09 00:00:00','Aliquam eu metus neque. Sed dignissim at nulla eu vulputate. Proin at egestas risus, sed lacinia tortor. Etiam at finibus ligula. Maecenas risus ipsum, venenatis vel augue vitae, rutrum placerat justo. Fusce velit urna, posuere at lacinia a, pharetra quis risus. In ultricies luctus rutrum. Pellentesque rhoncus elit vitae mi facilisis consectetur. Morbi condimentum fringilla aliquet. Class aptent taciti sociosqu ad litora torquent per conubia nostra, per inceptos himenaeos.\r\n\r\nMorbi hendrerit ligula ac quam dignissim, eu commodo orci vestibulum. Aenean ullamcorper eu neque et semper. Donec accumsan, odio at volutpat porta, felis sapien venenatis nibh, eu ornare augue odio sed nisi. Nulla quis nisi pulvinar, ultrices turpis et, laoreet nibh. Nulla rutrum sapien vitae ante consectetur tincidunt. Quisque nec erat et enim iaculis interdum vitae at magna. Vestibulum in suscipit urna, id aliquet enim. Quisque dignissim odio sem, non tincidunt massa efficitur ac. Vestibulum maximus nulla dolor, pharetra consequat justo ullamcorper non.',1,2,3),(9,'Artigo Teste 76','2020-05-09 00:00:00','Duis tempor velit sapien, sed malesuada sapien mattis non. Nullam convallis mauris non gravida malesuada. Proin tempor mi eget quam hendrerit porttitor. Etiam finibus euismod dolor eu rhoncus. Sed cursus lorem ut nunc luctus placerat. Duis nec purus tempus, mattis ipsum quis, varius diam. Donec non nibh augue. In sit amet mauris vehicula, suscipit nunc eu, ornare magna. In id lacus sodales, faucibus turpis nec, placerat sapien. Vestibulum non neque in dui finibus dignissim. Donec venenatis pharetra sodales. Sed quis efficitur ante.\r\n\r\nSuspendisse rhoncus tellus eu hendrerit rhoncus. Quisque ac mauris ut lorem hendrerit tempor non ut quam. Sed et nulla ante. Etiam varius nibh sodales ante dapibus dictum. Fusce vel varius nibh. Pellentesque tempor ligula elit, a interdum sem ultrices a. Donec varius fringilla mauris, nec vehicula eros sagittis nec.\r\n\r\nSed convallis viverra est, nec eleifend arcu auctor sit amet. Class aptent taciti sociosqu ad litora torquent per conubia nostra, per inceptos himenaeos. Nullam sagittis tortor a tellus ultrices, venenatis sollicitudin lorem ultricies. Fusce massa nisl, condimentum ut finibus vitae, volutpat et urna. Sed pretium mauris id sapien eleifend fermentum. Pellentesque facilisis consectetur nisi eget mollis. Ut porttitor nibh vitae turpis hendrerit posuere. Nulla scelerisque velit ultrices mauris venenatis rutrum. Vivamus eu pretium libero.\r\n\r\nProin venenatis malesuada ligula, et euismod purus egestas a. Ut hendrerit lectus sed eros porttitor placerat. Nulla diam nunc, egestas a justo sit amet, imperdiet bibendum lorem. Nulla mollis orci risus, id mollis magna maximus vitae. Morbi tellus nisi, viverra id justo non, aliquam faucibus lorem. Proin viverra erat in sapien viverra, ut ullamcorper nisi cursus. Fusce at euismod libero, nec pellentesque metus. Fusce id urna ut nisi blandit commodo. Suspendisse vehicula ultrices ligula vitae tincidunt. Duis arcu lacus, sagittis sit amet urna eget, commodo pretium ipsum. Sed velit dolor, iaculis id nibh id, molestie dapibus magna. Aenean nec nisl id nulla consequat tristique. Donec augue nisi, sodales ut condimentum pellentesque, tincidunt ac nibh. Nullam orci purus, lacinia eu elit vel, porttitor volutpat nisl. Suspendisse quis nulla a dolor convallis ultricies eget nec nisl.\r\n\r\nVivamus a sagittis sem, eget viverra tellus. Vestibulum ante ipsum primis in faucibus orci luctus et ultrices posuere cubilia curae; Aliquam ultrices tortor eget molestie laoreet. Morbi vehicula aliquet mattis. Nunc ut eleifend nibh, ut egestas dui. Donec commodo, nulla sed pretium volutpat, felis lorem auctor lectus, vitae ultrices nunc lacus sed nibh. Donec quis elit odio. Etiam venenatis sem dolor, eget lacinia enim dictum vel. Praesent eleifend nulla et metus volutpat rhoncus.\r\n\r\nDuis eu justo ultricies, commodo turpis vel, maximus erat. Aliquam vitae justo id libero rhoncus varius et sit amet elit. Integer et elementum augue. Vestibulum ultricies ligula eu turpis tempor, ac egestas arcu dapibus. Praesent ut posuere elit. Quisque pellentesque dui a feugiat volutpat. Morbi tristique ante vel erat varius posuere. Sed in nunc dapibus orci eleifend vehicula. Quisque accumsan metus et ex dapibus, id facilisis nisl efficitur. Etiam turpis nisl, scelerisque sed semper eu, posuere non sapien. Morbi porta enim ac sem euismod dignissim. Integer eleifend rhoncus mauris non gravida. Praesent ut magna nibh. Maecenas a imperdiet justo. Nullam ullamcorper dolor non arcu blandit viverra. Pellentesque dui erat, vestibulum ut lorem sit amet, fringilla pharetra orci.\r\n\r\nNam egestas mauris ut massa auctor dapibus. Aenean vitae mi aliquet, lacinia leo eget, tristique nibh. Aliquam ligula tellus, ultrices pretium elit non, luctus tincidunt erat. In vitae sapien vel orci venenatis lobortis sed quis lectus. Integer ligula erat, accumsan feugiat nisi in, ornare rhoncus libero. Mauris id lorem id nisl egestas faucibus. Pellentesque risus risus, bibendum non vulputate eget, eleifend ac erat. Duis maximus velit quis varius ullamcorper. Proin consectetur purus non velit pellentesque faucibus. Fusce vel iaculis lectus. Integer fringilla in eros non commodo. Vivamus nisl ex, dapibus ut convallis in, gravida at felis. Aenean pellentesque nisi viverra laoreet volutpat.\r\n\r\nDuis at feugiat leo. Suspendisse semper neque in turpis vestibulum, a rutrum metus convallis. Class aptent taciti sociosqu ad litora torquent per conubia nostra, per inceptos himenaeos. In non mauris sed lectus lobortis sodales in at odio. Quisque sed accumsan ante. Praesent a laoreet ex. Interdum et malesuada fames ac ante ipsum primis in faucibus. Pellentesque id congue turpis, at finibus leo. Duis sed fringilla tortor. Donec efficitur nec nunc ut consequat. Integer eget posuere orci, eget vehicula velit. Phasellus aliquet justo ac egestas pulvinar.\r\n\r\nPraesent scelerisque eleifend neque, in ultrices libero fermentum ac. Aenean quis elementum turpis, non tincidunt diam. Integer facilisis urna et tempus luctus. Ut mi purus, fermentum ac elit lobortis, placerat feugiat velit. Sed accumsan elit nec neque finibus convallis. Curabitur blandit et tortor eu varius. Quisque venenatis ligula rutrum dui vulputate egestas. Integer ultricies mi nunc, at luctus ligula consectetur quis. Vestibulum pharetra commodo interdum.\r\n\r\nNunc dapibus, mi sed facilisis dapibus, sapien nisl sodales urna, a interdum nunc eros a nisi. Aliquam tempus interdum turpis ac venenatis. Proin sagittis porttitor cursus. Nam non elit in lorem euismod lobortis. Duis congue dui ante, vitae condimentum orci vulputate ac. Donec placerat, nisi volutpat ornare aliquam, dui velit imperdiet quam, nec ornare nisl nibh vel odio. Etiam quis enim sit amet nisi porta aliquam. Mauris eu tempor lectus. Maecenas vel odio sed lacus sagittis tempus. Vestibulum ornare quam est, eu lobortis massa tristique sit amet. Fusce suscipit, massa et mattis fringilla, lorem dui sodales purus, in varius justo orci ut tortor. Sed vitae ligula finibus, malesuada magna ut, bibendum mauris. Sed quis augue sed quam pretium condimentum. Aliquam accumsan leo eget ultricies pharetra.\r\n\r\nSed sit amet dictum neque. Nullam sit amet tristique lorem. Quisque ac mi nunc. Suspendisse iaculis aliquet posuere. Morbi risus urna, congue sed pulvinar at, finibus varius dolor. In pellentesque gravida sem, eget maximus felis molestie non. Suspendisse volutpat diam non efficitur ultrices. Sed pulvinar rutrum sollicitudin. Mauris cursus sapien sit amet consectetur placerat. Proin urna dolor, euismod a gravida sit amet, vestibulum in orci. Praesent magna felis, convallis vel tortor id, rutrum sollicitudin velit. Praesent pellentesque eros ut nunc volutpat, sed eleifend elit tempor. Nunc a sagittis risus. Maecenas aliquet ut orci ullamcorper varius. In sit amet leo sed lectus aliquam ultricies.\r\n\r\nUt tristique orci quam, quis aliquet orci molestie id. Aliquam tellus lectus, semper nec efficitur in, accumsan quis mauris. Suspendisse sagittis eget nulla sed lobortis. Nulla quis sollicitudin sem. Ut quam magna, iaculis iaculis mauris id, sollicitudin aliquam tortor. Pellentesque mattis dolor et dictum sollicitudin. Vestibulum ante ipsum primis in faucibus orci luctus et ultrices posuere cubilia curae; In vel ex at magna congue malesuada. Morbi nec consequat purus. Morbi sed turpis dui. Donec id dui a ligula ornare fringilla nec ac arcu. Curabitur viverra ac felis sed tempus.\r\n\r\nAenean ac nisl eget leo fermentum malesuada ut et ante. Praesent ut felis ac magna iaculis cursus ac at risus. Vestibulum commodo gravida mi et laoreet. Nulla porttitor varius dui quis fermentum. Cras malesuada magna ullamcorper augue accumsan, nec auctor elit porttitor. In elementum felis sed purus mattis, ut aliquam ante vehicula. Praesent eget sollicitudin lectus. Duis imperdiet molestie orci a porttitor. Nulla placerat mattis risus a tincidunt. Aliquam purus magna, laoreet ut scelerisque in, congue a enim.\r\n\r\nSuspendisse laoreet mauris urna, et tincidunt odio tincidunt fringilla. Phasellus sollicitudin sed nunc sit amet congue. Aliquam ac condimentum mauris. Vestibulum blandit posuere tincidunt. Donec pellentesque lacus nec pharetra bibendum. Proin venenatis nibh justo, ut tristique lectus finibus nec. Praesent viverra tellus at ornare convallis. Cras nunc dolor, convallis iaculis sodales non, interdum et justo. Phasellus ultricies quam molestie dui consequat aliquet. Sed in lorem sit amet turpis aliquam sagittis. Nam eget tristique mi. Etiam sit amet neque mi. Suspendisse potenti. Sed non sodales erat.\r\n\r\nIn eros metus, accumsan in elementum eu, lobortis eget tellus. Sed pharetra sem quis diam sollicitudin vehicula. Donec in purus condimentum dui mattis ullamcorper eget nec nunc. Quisque molestie quam sapien, vel luctus ligula elementum id. Suspendisse a lectus sit amet nulla mollis cursus. Duis nisl purus, tempor non tempus non, vehicula ut lectus. Vivamus sit amet finibus odio. Nullam eget orci tincidunt, cursus ante eget, convallis urna. Vivamus convallis ultricies ligula, nec sodales leo fermentum in. Duis viverra ultricies suscipit. Phasellus at tellus mauris.\r\n\r\nPraesent mauris ligula, eleifend at dolor a, scelerisque dictum tellus. Praesent at tellus felis. Duis sit amet malesuada augue, id rhoncus neque. Vivamus semper, risus vel ultrices rutrum, lacus quam suscipit erat, nec finibus mauris lacus nec leo. Proin non massa mollis, commodo risus eget, porttitor velit. Aliquam sit amet ligula luctus, feugiat urna eu, rutrum quam. Aenean dignissim faucibus suscipit. Nullam non consequat urna. Cras ut elementum turpis. Phasellus vitae fringilla erat, eu facilisis magna. Aliquam finibus at risus ultrices lacinia. Donec blandit quam non est blandit, in faucibus felis fringilla. Nunc dapibus lectus at magna rhoncus vestibulum. Lorem ipsum dolor sit amet, consectetur adipiscing elit. Donec id odio risus. Nam id lorem sit amet lorem consequat hendrerit eu non felis.\r\n\r\nAliquam venenatis feugiat magna maximus lobortis. Proin vel lorem lacus. Phasellus ac lacus ut arcu finibus porttitor at id enim. Sed quis consequat enim. Nulla quis purus lobortis, tempor magna nec, sollicitudin turpis. Suspendisse potenti. Donec vehicula id ipsum sit amet hendrerit.\r\n\r\nPhasellus efficitur risus eget lorem suscipit, eu aliquet velit semper. Nunc convallis ligula ut leo semper tristique. Praesent pretium elit a urna dapibus, vel viverra nisl facilisis. Quisque iaculis dignissim nulla, nec tincidunt lectus. Pellentesque pellentesque et arcu id vestibulum. Praesent varius placerat gravida. In hac habitasse platea dictumst. Donec imperdiet massa nisi, ac faucibus urna volutpat non. Morbi aliquet hendrerit dictum. Phasellus mollis dui id turpis pulvinar pharetra. Vivamus condimentum ac urna egestas varius. Fusce condimentum eros at sapien rhoncus euismod. Class aptent taciti sociosqu ad litora torquent per conubia nostra, per inceptos himenaeos.\r\n\r\nUt blandit feugiat neque euismod volutpat. Integer urna lorem, fermentum ut posuere at, faucibus ut mi. Integer elit metus, sagittis at vehicula at, facilisis nec neque. Nulla in augue mi. Phasellus lobortis elementum nulla ac accumsan. Sed dictum mauris in facilisis volutpat. Duis eleifend dictum dui vitae sollicitudin. Donec quam erat, cursus in lectus vitae, ornare facilisis ipsum. Curabitur tortor augue, placerat ac lacus quis, vulputate gravida erat. Class aptent taciti sociosqu ad litora torquent per conubia nostra, per inceptos himenaeos. Maecenas non euismod ex, eget facilisis augue. Donec ut ipsum rhoncus, pellentesque elit ut, scelerisque nisi.\r\n\r\nNulla feugiat sollicitudin est, eu porttitor ante aliquam ut. Integer sed ligula vel sapien condimentum tempor sed ac mauris. Ut ultrices pretium nisi, sit amet varius tortor pretium a. Donec mi neque, fringilla eu imperdiet nec, scelerisque luctus ex. Nunc arcu leo, scelerisque rhoncus semper non, auctor id est. Maecenas nisl lectus, consectetur et enim id, congue bibendum diam. Donec facilisis quam eu mauris facilisis congue. Aenean pharetra, mauris eu sodales facilisis, massa metus gravida augue, sit amet auctor diam lectus ut arcu. Phasellus at nunc eu erat viverra tincidunt. Nunc nisi tortor, aliquam bibendum nunc vitae, aliquam pharetra dui. Sed suscipit neque id augue fermentum convallis. Aenean scelerisque tincidunt ex. Fusce nulla justo, blandit eu odio quis, pellentesque dictum nisi.\r\n\r\nNunc gravida, nibh ac faucibus tempor, ex arcu semper elit, eget molestie metus purus sit amet ligula. Sed et ex aliquet, accumsan augue vitae, imperdiet enim. Quisque bibendum dolor risus, eu tempor justo vestibulum in. Mauris tempor sit amet dolor vel mattis. Curabitur turpis mi, volutpat sit amet fringilla at, posuere id ipsum. Ut egestas ultricies nisi id vehicula. Donec feugiat elit pretium leo gravida, et lacinia ante maximus. Nunc massa mi, elementum nec est a, pharetra suscipit odio. Nam egestas ornare tincidunt. Suspendisse potenti. Nam vel vestibulum ex. Fusce eget dolor in felis feugiat commodo. Ut dictum et nisl a tincidunt.',1,1,3);
/*!40000 ALTER TABLE `conteudo` ENABLE KEYS */;
UNLOCK TABLES;

--
-- Table structure for table `usuario`
--

DROP TABLE IF EXISTS `usuario`;
/*!40101 SET @saved_cs_client     = @@character_set_client */;
/*!50503 SET character_set_client = utf8mb4 */;
CREATE TABLE `usuario` (
  `id` int NOT NULL AUTO_INCREMENT,
  `nome` varchar(100) COLLATE utf8mb4_unicode_ci DEFAULT NULL,
  `email` varchar(255) COLLATE utf8mb4_unicode_ci DEFAULT NULL,
  `senha` varchar(30) COLLATE utf8mb4_unicode_ci DEFAULT NULL,
  `tipo` varchar(60) COLLATE utf8mb4_unicode_ci DEFAULT NULL,
  `ativo` tinyint(1) DEFAULT NULL,
  PRIMARY KEY (`id`)
) ENGINE=InnoDB AUTO_INCREMENT=7 DEFAULT CHARSET=utf8mb4 COLLATE=utf8mb4_unicode_ci;
/*!40101 SET character_set_client = @saved_cs_client */;

--
-- Dumping data for table `usuario`
--

LOCK TABLES `usuario` WRITE;
/*!40000 ALTER TABLE `usuario` DISABLE KEYS */;
INSERT INTO `usuario` (`id`, `nome`, `email`, `senha`, `tipo`, `ativo`) VALUES (3,'Dwyriel','dwyriel@hotmail.com','12345','Admin',1),(4,'Rafael Balut','rafabalut123@hotmail.com','123456','Admin',1),(5,'Rafael B Azevedo','rfgamesx333@hotmail.com','123','Usuario',1),(6,'dwaty rts efefef','Testingy@hotmail.com','123','Usuario',1);
/*!40000 ALTER TABLE `usuario` ENABLE KEYS */;
UNLOCK TABLES;
/*!40103 SET TIME_ZONE=@OLD_TIME_ZONE */;

/*!40101 SET SQL_MODE=@OLD_SQL_MODE */;
/*!40014 SET FOREIGN_KEY_CHECKS=@OLD_FOREIGN_KEY_CHECKS */;
/*!40014 SET UNIQUE_CHECKS=@OLD_UNIQUE_CHECKS */;
/*!40101 SET CHARACTER_SET_CLIENT=@OLD_CHARACTER_SET_CLIENT */;
/*!40101 SET CHARACTER_SET_RESULTS=@OLD_CHARACTER_SET_RESULTS */;
/*!40101 SET COLLATION_CONNECTION=@OLD_COLLATION_CONNECTION */;
/*!40111 SET SQL_NOTES=@OLD_SQL_NOTES */;

-- Dump completed on 2020-05-09 16:57:36
